Tendências,Volume de pesquisa,Tempo
"oklahoma state football","1000+","há 22 minutos"
"yale football","200+","há 22 minutos"
"trabzonspor","200+","há 22 minutos"
"dante reno","200+","há 22 minutos"
"dragons dogma 2 dark arisen review","200+","há 22 minutos"
"tennessee vs arkansas","200+","há 22 minutos"
"middlesbrough vs wolves","500+","há 32 minutos"
"diesel prices impact on trucking","200+","há 32 minutos"
"sunderland afc - brighton","200+","há 32 minutos"
"paderborn vs vfb stuttgart","200+","há 32 minutos"